Row,Robust_Optimization
TotalReturn,0.43159440996488
SharpeRatio,0.0219432277761662
Volatility,0.00990781985448088
AverageTurnover,0.00363386011120938
MaxTurnover,0.383080797086756
AverageReturn,0.000255689452398034
MaxDrawdown,0.374484604186933
