{"TotalReturn": {"Robust_Optimization": 0.43159440996488}, "SharpeRatio": {"Robust_Optimization": 0.0219432277761662}, "Volatility": {"Robust_Optimization": 0.0099078198544808}, "AverageTurnover": {"Robust_Optimization": 0.0036338601112093}, "MaxTurnover": {"Robust_Optimization": 0.383080797086756}, "AverageReturn": {"Robust_Optimization": 0.000255689452398}, "MaxDrawdown": {"Robust_Optimization": 0.374484604186933}}